[
{
    "model": "main.customuser",
    "fields": {
        "password": "pbkdf2_sha256$720000$j4PHyMIdvoYwZLr2Ri20Z1$0vuCD9yo7LlErgKMKIwaghYJH4wu7/jsq+/ko1Yu+NA=",
        "last_login": "2024-05-18T19:30:40.742Z",
        "is_superuser": true,
        "username": "francisco",
        "first_name": "",
        "last_name": "",
        "email": "",
        "is_staff": true,
        "is_active": true,
        "date_joined": "2024-05-18T19:16:12.309Z",
        "groups": [],
        "user_permissions": []
    }
},
{
    "model": "main.customuser",
    "fields": {
        "password": "",
        "last_login": null,
        "is_superuser": false,
        "username": "Charles Giles",
        "first_name": "",
        "last_name": "",
        "email": "patricia04@example.org",
        "is_staff": false,
        "is_active": true,
        "date_joined": "2024-05-18T19:16:25.718Z",
        "groups": [],
        "user_permissions": []
    }
},
{
    "model": "main.customuser",
    "fields": {
        "password": "",
        "last_login": null,
        "is_superuser": false,
        "username": "Darrell Macdonald",
        "first_name": "",
        "last_name": "",
        "email": "markpalmer@example.com",
        "is_staff": false,
        "is_active": true,
        "date_joined": "2024-05-18T19:16:25.719Z",
        "groups": [],
        "user_permissions": []
    }
},
{
    "model": "main.customuser",
    "fields": {
        "password": "",
        "last_login": null,
        "is_superuser": false,
        "username": "Charles Allen",
        "first_name": "",
        "last_name": "",
        "email": "deborahmiller@example.net",
        "is_staff": false,
        "is_active": true,
        "date_joined": "2024-05-18T19:16:25.719Z",
        "groups": [],
        "user_permissions": []
    }
},
{
    "model": "main.customuser",
    "fields": {
        "password": "",
        "last_login": null,
        "is_superuser": false,
        "username": "Nicole Graham",
        "first_name": "",
        "last_name": "",
        "email": "jcarter@example.com",
        "is_staff": false,
        "is_active": true,
        "date_joined": "2024-05-18T19:16:25.719Z",
        "groups": [],
        "user_permissions": []
    }
},
{
    "model": "main.customuser",
    "fields": {
        "password": "",
        "last_login": null,
        "is_superuser": false,
        "username": "Tara Medina",
        "first_name": "",
        "last_name": "",
        "email": "monica08@example.com",
        "is_staff": false,
        "is_active": true,
        "date_joined": "2024-05-18T19:16:25.719Z",
        "groups": [],
        "user_permissions": []
    }
},
{
    "model": "main.customuser",
    "fields": {
        "password": "",
        "last_login": null,
        "is_superuser": false,
        "username": "Robert Perez",
        "first_name": "",
        "last_name": "",
        "email": "andrewpeterson@example.net",
        "is_staff": false,
        "is_active": true,
        "date_joined": "2024-05-18T19:16:25.719Z",
        "groups": [],
        "user_permissions": []
    }
},
{
    "model": "main.customuser",
    "fields": {
        "password": "",
        "last_login": null,
        "is_superuser": false,
        "username": "Rachel Bradley",
        "first_name": "",
        "last_name": "",
        "email": "turneranthony@example.com",
        "is_staff": false,
        "is_active": true,
        "date_joined": "2024-05-18T19:16:25.720Z",
        "groups": [],
        "user_permissions": []
    }
},
{
    "model": "main.customuser",
    "fields": {
        "password": "",
        "last_login": null,
        "is_superuser": false,
        "username": "Shannon Ashley",
        "first_name": "",
        "last_name": "",
        "email": "fostercourtney@example.org",
        "is_staff": false,
        "is_active": true,
        "date_joined": "2024-05-18T19:16:25.720Z",
        "groups": [],
        "user_permissions": []
    }
},
{
    "model": "main.customuser",
    "fields": {
        "password": "",
        "last_login": null,
        "is_superuser": false,
        "username": "Paul Kent",
        "first_name": "",
        "last_name": "",
        "email": "idixon@example.net",
        "is_staff": false,
        "is_active": true,
        "date_joined": "2024-05-18T19:16:25.720Z",
        "groups": [],
        "user_permissions": []
    }
},
{
    "model": "main.customuser",
    "fields": {
        "password": "",
        "last_login": null,
        "is_superuser": false,
        "username": "Susan Robbins",
        "first_name": "",
        "last_name": "",
        "email": "zachary82@example.com",
        "is_staff": false,
        "is_active": true,
        "date_joined": "2024-05-18T19:16:25.720Z",
        "groups": [],
        "user_permissions": []
    }
},
{
    "model": "main.product",
    "pk": 1,
    "fields": {
        "name": "know",
        "price": 28.0
    }
},
{
    "model": "main.product",
    "pk": 2,
    "fields": {
        "name": "involve",
        "price": 727.0
    }
},
{
    "model": "main.product",
    "pk": 3,
    "fields": {
        "name": "themselves",
        "price": 888.0
    }
},
{
    "model": "main.product",
    "pk": 4,
    "fields": {
        "name": "nation",
        "price": 76.0
    }
},
{
    "model": "main.product",
    "pk": 5,
    "fields": {
        "name": "audience",
        "price": 702.0
    }
},
{
    "model": "main.product",
    "pk": 6,
    "fields": {
        "name": "dark",
        "price": 633.0
    }
},
{
    "model": "main.product",
    "pk": 7,
    "fields": {
        "name": "fine",
        "price": 965.0
    }
},
{
    "model": "main.product",
    "pk": 8,
    "fields": {
        "name": "wait",
        "price": 941.0
    }
},
{
    "model": "main.product",
    "pk": 9,
    "fields": {
        "name": "issue",
        "price": 377.0
    }
},
{
    "model": "main.product",
    "pk": 10,
    "fields": {
        "name": "professional",
        "price": 928.0
    }
},
{
    "model": "main.product",
    "pk": 11,
    "fields": {
        "name": "meeting",
        "price": 38.0
    }
},
{
    "model": "main.product",
    "pk": 12,
    "fields": {
        "name": "rest",
        "price": 648.0
    }
},
{
    "model": "main.product",
    "pk": 13,
    "fields": {
        "name": "drug",
        "price": 602.0
    }
},
{
    "model": "main.product",
    "pk": 14,
    "fields": {
        "name": "because",
        "price": 400.0
    }
},
{
    "model": "main.product",
    "pk": 15,
    "fields": {
        "name": "place",
        "price": 113.0
    }
},
{
    "model": "main.product",
    "pk": 16,
    "fields": {
        "name": "we",
        "price": 179.0
    }
},
{
    "model": "main.product",
    "pk": 17,
    "fields": {
        "name": "place",
        "price": 908.0
    }
},
{
    "model": "main.product",
    "pk": 18,
    "fields": {
        "name": "phone",
        "price": 871.0
    }
},
{
    "model": "main.product",
    "pk": 19,
    "fields": {
        "name": "word",
        "price": 150.0
    }
},
{
    "model": "main.product",
    "pk": 20,
    "fields": {
        "name": "hot",
        "price": 790.0
    }
},
{
    "model": "main.product",
    "pk": 21,
    "fields": {
        "name": "arm",
        "price": 880.0
    }
},
{
    "model": "main.product",
    "pk": 22,
    "fields": {
        "name": "economy",
        "price": 652.0
    }
},
{
    "model": "main.product",
    "pk": 23,
    "fields": {
        "name": "wear",
        "price": 844.0
    }
},
{
    "model": "main.product",
    "pk": 24,
    "fields": {
        "name": "notice",
        "price": 369.0
    }
},
{
    "model": "main.product",
    "pk": 25,
    "fields": {
        "name": "eye",
        "price": 600.0
    }
},
{
    "model": "main.product",
    "pk": 26,
    "fields": {
        "name": "reality",
        "price": 896.0
    }
},
{
    "model": "main.product",
    "pk": 27,
    "fields": {
        "name": "mother",
        "price": 968.0
    }
},
{
    "model": "main.product",
    "pk": 28,
    "fields": {
        "name": "anyone",
        "price": 384.0
    }
},
{
    "model": "main.product",
    "pk": 29,
    "fields": {
        "name": "relationship",
        "price": 919.0
    }
},
{
    "model": "main.product",
    "pk": 30,
    "fields": {
        "name": "three",
        "price": 798.0
    }
},
{
    "model": "main.product",
    "pk": 31,
    "fields": {
        "name": "current",
        "price": 56.0
    }
},
{
    "model": "main.product",
    "pk": 32,
    "fields": {
        "name": "yet",
        "price": 760.0
    }
},
{
    "model": "main.product",
    "pk": 33,
    "fields": {
        "name": "ok",
        "price": 179.0
    }
},
{
    "model": "main.product",
    "pk": 34,
    "fields": {
        "name": "guy",
        "price": 281.0
    }
},
{
    "model": "main.product",
    "pk": 35,
    "fields": {
        "name": "though",
        "price": 477.0
    }
},
{
    "model": "main.product",
    "pk": 36,
    "fields": {
        "name": "discover",
        "price": 374.0
    }
},
{
    "model": "main.product",
    "pk": 37,
    "fields": {
        "name": "law",
        "price": 577.0
    }
},
{
    "model": "main.product",
    "pk": 38,
    "fields": {
        "name": "suggest",
        "price": 837.0
    }
},
{
    "model": "main.product",
    "pk": 39,
    "fields": {
        "name": "probably",
        "price": 789.0
    }
},
{
    "model": "main.product",
    "pk": 40,
    "fields": {
        "name": "night",
        "price": 706.0
    }
},
{
    "model": "main.product",
    "pk": 41,
    "fields": {
        "name": "her",
        "price": 3.0
    }
},
{
    "model": "main.product",
    "pk": 42,
    "fields": {
        "name": "still",
        "price": 970.0
    }
},
{
    "model": "main.product",
    "pk": 43,
    "fields": {
        "name": "right",
        "price": 529.0
    }
},
{
    "model": "main.product",
    "pk": 44,
    "fields": {
        "name": "indeed",
        "price": 648.0
    }
},
{
    "model": "main.product",
    "pk": 45,
    "fields": {
        "name": "seek",
        "price": 14.0
    }
},
{
    "model": "main.product",
    "pk": 46,
    "fields": {
        "name": "father",
        "price": 698.0
    }
},
{
    "model": "main.product",
    "pk": 47,
    "fields": {
        "name": "trouble",
        "price": 107.0
    }
},
{
    "model": "main.product",
    "pk": 48,
    "fields": {
        "name": "perform",
        "price": 497.0
    }
},
{
    "model": "main.product",
    "pk": 49,
    "fields": {
        "name": "land",
        "price": 552.0
    }
},
{
    "model": "main.product",
    "pk": 50,
    "fields": {
        "name": "stage",
        "price": 221.0
    }
},
{
    "model": "main.product",
    "pk": 51,
    "fields": {
        "name": "specific",
        "price": 161.0
    }
},
{
    "model": "main.product",
    "pk": 52,
    "fields": {
        "name": "citizen",
        "price": 98.0
    }
},
{
    "model": "main.product",
    "pk": 53,
    "fields": {
        "name": "wonder",
        "price": 413.0
    }
},
{
    "model": "main.product",
    "pk": 54,
    "fields": {
        "name": "popular",
        "price": 764.0
    }
},
{
    "model": "main.product",
    "pk": 55,
    "fields": {
        "name": "indicate",
        "price": 947.0
    }
},
{
    "model": "main.product",
    "pk": 56,
    "fields": {
        "name": "animal",
        "price": 76.0
    }
},
{
    "model": "main.product",
    "pk": 57,
    "fields": {
        "name": "reach",
        "price": 819.0
    }
},
{
    "model": "main.product",
    "pk": 58,
    "fields": {
        "name": "imagine",
        "price": 879.0
    }
},
{
    "model": "main.product",
    "pk": 59,
    "fields": {
        "name": "ball",
        "price": 446.0
    }
},
{
    "model": "main.product",
    "pk": 60,
    "fields": {
        "name": "food",
        "price": 124.0
    }
},
{
    "model": "main.product",
    "pk": 61,
    "fields": {
        "name": "vote",
        "price": 61.0
    }
},
{
    "model": "main.product",
    "pk": 62,
    "fields": {
        "name": "by",
        "price": 765.0
    }
},
{
    "model": "main.product",
    "pk": 63,
    "fields": {
        "name": "discuss",
        "price": 310.0
    }
},
{
    "model": "main.product",
    "pk": 64,
    "fields": {
        "name": "response",
        "price": 829.0
    }
},
{
    "model": "main.product",
    "pk": 65,
    "fields": {
        "name": "something",
        "price": 970.0
    }
},
{
    "model": "main.product",
    "pk": 66,
    "fields": {
        "name": "cost",
        "price": 768.0
    }
},
{
    "model": "main.product",
    "pk": 67,
    "fields": {
        "name": "change",
        "price": 767.0
    }
},
{
    "model": "main.product",
    "pk": 68,
    "fields": {
        "name": "notice",
        "price": 303.0
    }
},
{
    "model": "main.product",
    "pk": 69,
    "fields": {
        "name": "market",
        "price": 967.0
    }
},
{
    "model": "main.product",
    "pk": 70,
    "fields": {
        "name": "feel",
        "price": 86.0
    }
},
{
    "model": "main.product",
    "pk": 71,
    "fields": {
        "name": "budget",
        "price": 452.0
    }
},
{
    "model": "main.product",
    "pk": 72,
    "fields": {
        "name": "rule",
        "price": 963.0
    }
},
{
    "model": "main.product",
    "pk": 73,
    "fields": {
        "name": "provide",
        "price": 169.0
    }
},
{
    "model": "main.product",
    "pk": 74,
    "fields": {
        "name": "western",
        "price": 459.0
    }
},
{
    "model": "main.product",
    "pk": 75,
    "fields": {
        "name": "store",
        "price": 276.0
    }
},
{
    "model": "main.product",
    "pk": 76,
    "fields": {
        "name": "usually",
        "price": 13.0
    }
},
{
    "model": "main.product",
    "pk": 77,
    "fields": {
        "name": "she",
        "price": 1.0
    }
},
{
    "model": "main.product",
    "pk": 78,
    "fields": {
        "name": "bit",
        "price": 894.0
    }
},
{
    "model": "main.product",
    "pk": 79,
    "fields": {
        "name": "experience",
        "price": 304.0
    }
},
{
    "model": "main.product",
    "pk": 80,
    "fields": {
        "name": "have",
        "price": 515.0
    }
},
{
    "model": "main.product",
    "pk": 81,
    "fields": {
        "name": "loss",
        "price": 855.0
    }
},
{
    "model": "main.product",
    "pk": 82,
    "fields": {
        "name": "who",
        "price": 862.0
    }
},
{
    "model": "main.product",
    "pk": 83,
    "fields": {
        "name": "pressure",
        "price": 544.0
    }
},
{
    "model": "main.product",
    "pk": 84,
    "fields": {
        "name": "fight",
        "price": 834.0
    }
},
{
    "model": "main.product",
    "pk": 85,
    "fields": {
        "name": "financial",
        "price": 489.0
    }
},
{
    "model": "main.product",
    "pk": 86,
    "fields": {
        "name": "within",
        "price": 553.0
    }
},
{
    "model": "main.product",
    "pk": 87,
    "fields": {
        "name": "position",
        "price": 660.0
    }
},
{
    "model": "main.product",
    "pk": 88,
    "fields": {
        "name": "foreign",
        "price": 879.0
    }
},
{
    "model": "main.product",
    "pk": 89,
    "fields": {
        "name": "appear",
        "price": 68.0
    }
},
{
    "model": "main.product",
    "pk": 90,
    "fields": {
        "name": "ahead",
        "price": 861.0
    }
},
{
    "model": "main.product",
    "pk": 91,
    "fields": {
        "name": "event",
        "price": 798.0
    }
},
{
    "model": "main.product",
    "pk": 92,
    "fields": {
        "name": "development",
        "price": 12.0
    }
},
{
    "model": "main.product",
    "pk": 93,
    "fields": {
        "name": "administration",
        "price": 269.0
    }
},
{
    "model": "main.product",
    "pk": 94,
    "fields": {
        "name": "heavy",
        "price": 926.0
    }
},
{
    "model": "main.product",
    "pk": 95,
    "fields": {
        "name": "argue",
        "price": 780.0
    }
},
{
    "model": "main.product",
    "pk": 96,
    "fields": {
        "name": "board",
        "price": 360.0
    }
},
{
    "model": "main.product",
    "pk": 97,
    "fields": {
        "name": "oil",
        "price": 297.0
    }
},
{
    "model": "main.product",
    "pk": 98,
    "fields": {
        "name": "suddenly",
        "price": 621.0
    }
},
{
    "model": "main.product",
    "pk": 99,
    "fields": {
        "name": "international",
        "price": 631.0
    }
},
{
    "model": "main.product",
    "pk": 100,
    "fields": {
        "name": "allow",
        "price": 266.0
    }
},
{
    "model": "main.contract",
    "pk": 1,
    "fields": {
        "start_date": "2023-12-27",
        "product": 59,
        "user": [
            "Charles Giles"
        ]
    }
},
{
    "model": "main.contract",
    "pk": 2,
    "fields": {
        "start_date": "2021-10-05",
        "product": 63,
        "user": [
            "Charles Giles"
        ]
    }
},
{
    "model": "main.contract",
    "pk": 3,
    "fields": {
        "start_date": "2021-02-02",
        "product": 78,
        "user": [
            "Charles Giles"
        ]
    }
},
{
    "model": "main.contract",
    "pk": 4,
    "fields": {
        "start_date": "2022-07-15",
        "product": 15,
        "user": [
            "Charles Giles"
        ]
    }
},
{
    "model": "main.contract",
    "pk": 5,
    "fields": {
        "start_date": "2021-11-27",
        "product": 18,
        "user": [
            "Charles Giles"
        ]
    }
},
{
    "model": "main.contract",
    "pk": 6,
    "fields": {
        "start_date": "2022-08-20",
        "product": 42,
        "user": [
            "Charles Giles"
        ]
    }
},
{
    "model": "main.contract",
    "pk": 7,
    "fields": {
        "start_date": "2020-11-11",
        "product": 87,
        "user": [
            "Charles Giles"
        ]
    }
},
{
    "model": "main.contract",
    "pk": 8,
    "fields": {
        "start_date": "2021-03-14",
        "product": 50,
        "user": [
            "Charles Giles"
        ]
    }
},
{
    "model": "main.contract",
    "pk": 9,
    "fields": {
        "start_date": "2023-08-29",
        "product": 61,
        "user": [
            "Darrell Macdonald"
        ]
    }
},
{
    "model": "main.contract",
    "pk": 10,
    "fields": {
        "start_date": "2022-09-08",
        "product": 42,
        "user": [
            "Darrell Macdonald"
        ]
    }
},
{
    "model": "main.contract",
    "pk": 11,
    "fields": {
        "start_date": "2020-06-09",
        "product": 64,
        "user": [
            "Darrell Macdonald"
        ]
    }
},
{
    "model": "main.contract",
    "pk": 12,
    "fields": {
        "start_date": "2020-12-24",
        "product": 8,
        "user": [
            "Darrell Macdonald"
        ]
    }
},
{
    "model": "main.contract",
    "pk": 13,
    "fields": {
        "start_date": "2022-04-14",
        "product": 4,
        "user": [
            "Darrell Macdonald"
        ]
    }
},
{
    "model": "main.contract",
    "pk": 14,
    "fields": {
        "start_date": "2021-03-27",
        "product": 42,
        "user": [
            "Darrell Macdonald"
        ]
    }
},
{
    "model": "main.contract",
    "pk": 15,
    "fields": {
        "start_date": "2022-03-11",
        "product": 32,
        "user": [
            "Charles Allen"
        ]
    }
},
{
    "model": "main.contract",
    "pk": 16,
    "fields": {
        "start_date": "2023-10-17",
        "product": 32,
        "user": [
            "Charles Allen"
        ]
    }
},
{
    "model": "main.contract",
    "pk": 17,
    "fields": {
        "start_date": "2020-03-25",
        "product": 100,
        "user": [
            "Charles Allen"
        ]
    }
},
{
    "model": "main.contract",
    "pk": 18,
    "fields": {
        "start_date": "2020-07-02",
        "product": 82,
        "user": [
            "Charles Allen"
        ]
    }
},
{
    "model": "main.contract",
    "pk": 19,
    "fields": {
        "start_date": "2020-03-23",
        "product": 16,
        "user": [
            "Nicole Graham"
        ]
    }
},
{
    "model": "main.contract",
    "pk": 20,
    "fields": {
        "start_date": "2023-06-12",
        "product": 29,
        "user": [
            "Nicole Graham"
        ]
    }
},
{
    "model": "main.contract",
    "pk": 21,
    "fields": {
        "start_date": "2024-04-20",
        "product": 83,
        "user": [
            "Nicole Graham"
        ]
    }
},
{
    "model": "main.contract",
    "pk": 22,
    "fields": {
        "start_date": "2023-06-17",
        "product": 20,
        "user": [
            "Nicole Graham"
        ]
    }
},
{
    "model": "main.contract",
    "pk": 23,
    "fields": {
        "start_date": "2022-02-10",
        "product": 16,
        "user": [
            "Nicole Graham"
        ]
    }
},
{
    "model": "main.contract",
    "pk": 24,
    "fields": {
        "start_date": "2021-12-20",
        "product": 56,
        "user": [
            "Nicole Graham"
        ]
    }
},
{
    "model": "main.contract",
    "pk": 25,
    "fields": {
        "start_date": "2022-11-23",
        "product": 29,
        "user": [
            "Tara Medina"
        ]
    }
},
{
    "model": "main.contract",
    "pk": 26,
    "fields": {
        "start_date": "2022-06-08",
        "product": 37,
        "user": [
            "Robert Perez"
        ]
    }
},
{
    "model": "main.contract",
    "pk": 27,
    "fields": {
        "start_date": "2021-03-06",
        "product": 31,
        "user": [
            "Robert Perez"
        ]
    }
},
{
    "model": "main.contract",
    "pk": 28,
    "fields": {
        "start_date": "2022-05-01",
        "product": 21,
        "user": [
            "Robert Perez"
        ]
    }
},
{
    "model": "main.contract",
    "pk": 29,
    "fields": {
        "start_date": "2023-03-28",
        "product": 56,
        "user": [
            "Rachel Bradley"
        ]
    }
},
{
    "model": "main.contract",
    "pk": 30,
    "fields": {
        "start_date": "2023-06-15",
        "product": 98,
        "user": [
            "Rachel Bradley"
        ]
    }
},
{
    "model": "main.contract",
    "pk": 31,
    "fields": {
        "start_date": "2023-10-02",
        "product": 11,
        "user": [
            "Rachel Bradley"
        ]
    }
},
{
    "model": "main.contract",
    "pk": 32,
    "fields": {
        "start_date": "2021-03-19",
        "product": 53,
        "user": [
            "Rachel Bradley"
        ]
    }
},
{
    "model": "main.contract",
    "pk": 33,
    "fields": {
        "start_date": "2021-12-16",
        "product": 30,
        "user": [
            "Rachel Bradley"
        ]
    }
},
{
    "model": "main.contract",
    "pk": 34,
    "fields": {
        "start_date": "2020-12-28",
        "product": 47,
        "user": [
            "Rachel Bradley"
        ]
    }
},
{
    "model": "main.contract",
    "pk": 35,
    "fields": {
        "start_date": "2023-01-02",
        "product": 68,
        "user": [
            "Rachel Bradley"
        ]
    }
},
{
    "model": "main.contract",
    "pk": 36,
    "fields": {
        "start_date": "2022-05-25",
        "product": 92,
        "user": [
            "Rachel Bradley"
        ]
    }
},
{
    "model": "main.contract",
    "pk": 37,
    "fields": {
        "start_date": "2020-04-27",
        "product": 87,
        "user": [
            "Rachel Bradley"
        ]
    }
},
{
    "model": "main.contract",
    "pk": 38,
    "fields": {
        "start_date": "2020-08-25",
        "product": 48,
        "user": [
            "Shannon Ashley"
        ]
    }
},
{
    "model": "main.contract",
    "pk": 39,
    "fields": {
        "start_date": "2021-11-01",
        "product": 15,
        "user": [
            "Shannon Ashley"
        ]
    }
},
{
    "model": "main.contract",
    "pk": 40,
    "fields": {
        "start_date": "2022-11-14",
        "product": 56,
        "user": [
            "Shannon Ashley"
        ]
    }
},
{
    "model": "main.contract",
    "pk": 41,
    "fields": {
        "start_date": "2022-05-03",
        "product": 28,
        "user": [
            "Shannon Ashley"
        ]
    }
},
{
    "model": "main.contract",
    "pk": 42,
    "fields": {
        "start_date": "2020-12-29",
        "product": 62,
        "user": [
            "Shannon Ashley"
        ]
    }
},
{
    "model": "main.contract",
    "pk": 43,
    "fields": {
        "start_date": "2022-11-22",
        "product": 73,
        "user": [
            "Shannon Ashley"
        ]
    }
},
{
    "model": "main.contract",
    "pk": 44,
    "fields": {
        "start_date": "2021-08-09",
        "product": 36,
        "user": [
            "Shannon Ashley"
        ]
    }
},
{
    "model": "main.contract",
    "pk": 45,
    "fields": {
        "start_date": "2022-08-19",
        "product": 18,
        "user": [
            "Paul Kent"
        ]
    }
},
{
    "model": "main.contract",
    "pk": 46,
    "fields": {
        "start_date": "2024-01-11",
        "product": 19,
        "user": [
            "Paul Kent"
        ]
    }
},
{
    "model": "main.contract",
    "pk": 47,
    "fields": {
        "start_date": "2024-03-05",
        "product": 5,
        "user": [
            "Paul Kent"
        ]
    }
},
{
    "model": "main.contract",
    "pk": 48,
    "fields": {
        "start_date": "2023-01-10",
        "product": 5,
        "user": [
            "Paul Kent"
        ]
    }
},
{
    "model": "main.contract",
    "pk": 49,
    "fields": {
        "start_date": "2023-02-12",
        "product": 40,
        "user": [
            "Paul Kent"
        ]
    }
},
{
    "model": "main.contract",
    "pk": 50,
    "fields": {
        "start_date": "2024-01-26",
        "product": 46,
        "user": [
            "Susan Robbins"
        ]
    }
},
{
    "model": "main.contract",
    "pk": 51,
    "fields": {
        "start_date": "2020-03-20",
        "product": 64,
        "user": [
            "Susan Robbins"
        ]
    }
},
{
    "model": "main.contract",
    "pk": 52,
    "fields": {
        "start_date": "2022-12-01",
        "product": 28,
        "user": [
            "Susan Robbins"
        ]
    }
},
{
    "model": "main.contract",
    "pk": 53,
    "fields": {
        "start_date": "2021-02-11",
        "product": 36,
        "user": [
            "Susan Robbins"
        ]
    }
},
{
    "model": "main.contract",
    "pk": 54,
    "fields": {
        "start_date": "2021-09-05",
        "product": 58,
        "user": [
            "Susan Robbins"
        ]
    }
},
{
    "model": "main.recurrentcontract",
    "pk": 1,
    "fields": {
        "name": "change upon",
        "contract": 30
    }
},
{
    "model": "main.recurrentcontract",
    "pk": 2,
    "fields": {
        "name": "after newspaper",
        "contract": 32
    }
},
{
    "model": "main.recurrentcontract",
    "pk": 3,
    "fields": {
        "name": "message member",
        "contract": 33
    }
},
{
    "model": "main.recurrentcontract",
    "pk": 4,
    "fields": {
        "name": "Jhofuture ask",
        "contract": 37
    }
},
{
    "model": "main.recurrentcontract",
    "pk": 5,
    "fields": {
        "name": "Jhoimprove foreign",
        "contract": 42
    }
},
{
    "model": "main.recurrentcontract",
    "pk": 6,
    "fields": {
        "name": "according expert",
        "contract": 47
    }
},
{
    "model": "main.recurrentcontract",
    "pk": 7,
    "fields": {
        "name": "Jho servicio importante",
        "contract": 50
    }
},
{
    "model": "main.payment",
    "pk": 1,
    "fields": {
        "date": "2024-05-18T19:16:25.731Z",
        "amount": 583.0,
        "contract": 2
    }
},
{
    "model": "main.payment",
    "pk": 2,
    "fields": {
        "date": "2024-05-18T19:16:25.731Z",
        "amount": 429.0,
        "contract": 8
    }
},
{
    "model": "main.payment",
    "pk": 3,
    "fields": {
        "date": "2024-05-18T19:16:25.731Z",
        "amount": 599.0,
        "contract": 9
    }
},
{
    "model": "main.payment",
    "pk": 4,
    "fields": {
        "date": "2024-05-18T19:16:25.731Z",
        "amount": 406.0,
        "contract": 11
    }
},
{
    "model": "main.payment",
    "pk": 5,
    "fields": {
        "date": "2024-05-18T19:16:25.731Z",
        "amount": 358.0,
        "contract": 15
    }
},
{
    "model": "main.payment",
    "pk": 6,
    "fields": {
        "date": "2024-05-18T19:16:25.731Z",
        "amount": 375.0,
        "contract": 16
    }
},
{
    "model": "main.payment",
    "pk": 7,
    "fields": {
        "date": "2024-05-18T19:16:25.731Z",
        "amount": 880.0,
        "contract": 17
    }
},
{
    "model": "main.payment",
    "pk": 8,
    "fields": {
        "date": "2024-05-18T19:16:25.731Z",
        "amount": 67.0,
        "contract": 18
    }
},
{
    "model": "main.payment",
    "pk": 9,
    "fields": {
        "date": "2024-05-18T19:16:25.731Z",
        "amount": 851.0,
        "contract": 25
    }
},
{
    "model": "main.payment",
    "pk": 10,
    "fields": {
        "date": "2024-05-18T19:16:25.731Z",
        "amount": 674.0,
        "contract": 29
    }
},
{
    "model": "main.payment",
    "pk": 11,
    "fields": {
        "date": "2024-05-18T19:16:25.731Z",
        "amount": 815.0,
        "contract": 33
    }
},
{
    "model": "main.payment",
    "pk": 12,
    "fields": {
        "date": "2024-05-18T19:16:25.731Z",
        "amount": 697.0,
        "contract": 34
    }
},
{
    "model": "main.payment",
    "pk": 13,
    "fields": {
        "date": "2024-05-18T19:16:25.731Z",
        "amount": 313.0,
        "contract": 35
    }
},
{
    "model": "main.payment",
    "pk": 14,
    "fields": {
        "date": "2024-05-18T19:16:25.731Z",
        "amount": 904.0,
        "contract": 36
    }
},
{
    "model": "main.payment",
    "pk": 15,
    "fields": {
        "date": "2024-05-18T19:16:25.731Z",
        "amount": 988.0,
        "contract": 37
    }
},
{
    "model": "main.payment",
    "pk": 16,
    "fields": {
        "date": "2024-05-18T19:16:25.731Z",
        "amount": 98.0,
        "contract": 40
    }
},
{
    "model": "main.payment",
    "pk": 17,
    "fields": {
        "date": "2024-05-18T19:16:25.731Z",
        "amount": 149.0,
        "contract": 41
    }
},
{
    "model": "main.payment",
    "pk": 18,
    "fields": {
        "date": "2024-05-18T19:16:25.731Z",
        "amount": 988.0,
        "contract": 43
    }
},
{
    "model": "main.payment",
    "pk": 19,
    "fields": {
        "date": "2024-05-18T19:16:25.731Z",
        "amount": 135.0,
        "contract": 45
    }
},
{
    "model": "main.payment",
    "pk": 20,
    "fields": {
        "date": "2024-05-18T19:16:25.731Z",
        "amount": 332.0,
        "contract": 46
    }
},
{
    "model": "main.payment",
    "pk": 21,
    "fields": {
        "date": "2024-05-18T19:16:25.731Z",
        "amount": 546.0,
        "contract": 48
    }
},
{
    "model": "main.payment",
    "pk": 22,
    "fields": {
        "date": "2024-05-18T19:16:25.731Z",
        "amount": 557.0,
        "contract": 50
    }
},
{
    "model": "main.payment",
    "pk": 23,
    "fields": {
        "date": "2024-05-18T19:16:25.731Z",
        "amount": 411.0,
        "contract": 51
    }
},
{
    "model": "main.payment",
    "pk": 24,
    "fields": {
        "date": "2024-05-18T19:16:25.731Z",
        "amount": 344.0,
        "contract": 53
    }
},
{
    "model": "main.payment",
    "pk": 25,
    "fields": {
        "date": "2024-05-18T19:16:25.731Z",
        "amount": 664.0,
        "contract": 54
    }
}
]
